Company,Reason,Detail
Dynatrace,missing,
Chronosphere,missing,
Coralogix,missing,
Better Stack,missing,
groundcover,missing,
Splunk (Cisco),missing,
Checkmk,missing,
Pandora FMS,missing,
Catchpoint,missing,
Outpost24 (ex-Blueliv),missing,
Red Points,missing,
SentinelOne,missing,
Wiz,missing,
Snyk,missing,
Okta,missing,
Hornetsecurity,missing,
Devo,missing,
Sumsub,missing,
Kiteworks,missing,
Revolut,missing,
Unnax,missing,
Mangopay,unsupported,teamtailor:mangopay
Deel,missing,
Factorial,missing,
Semrush,missing,
Signaturit,missing,
Marfeel,missing,
Mews,missing,
Worldsensing,missing,
Wallbox,missing,
Adevinta,missing,
ManoMano,missing,
Ukio,missing,
Paack,missing,
Criteo,missing,
Skyscanner,missing,
Glovo,missing,
Sesame HR,missing,
Cobee (Pluxee),missing,
Genially,missing,
HashiCorp (IBM),missing,
Aiven,missing,
Automattic,missing,
Doist,missing,
Toggl,missing,
Loom (Atlassian),missing,
Allianz Technology,missing,
Microsoft,missing,
SAP,missing,
Postman,missing,old greenhouse board 404 (2026-09-30)
